gene,TCS_name,TCS_type,contrast,logFC,sca.P.Value,sca.adj.pval,sca.SE,fold_change
FTN_1617,QseC,Sensor Kinase,Iron_limit_vs_Control,2.4016725176148133,0.007109918520180851,0.04976942964126596,0.7205017552844439,5.284154017914318
FTN_1465,PmrA,Response Regulator,Oxidative_vs_Control,1.7727374508106508,0.001915704647548995,0.013409932532842965,0.5318212352431952,3.4170170603351937
FTN_1465,PmrA,Response Regulator,Iron_limit_vs_Control,1.9382169728028273,0.003726982248607548,0.026088875740252836,0.5814650918408482,3.832317187395275
FTN_1715,KdpE,Response Regulator,Cold_25C_vs_Control,1.9107233631462637,0.006360779210240284,0.04452545447168199,0.5732170089438791,3.759975765347954
